<?xml version="1.0" encoding="utf-8"?>
<install type="module" version="1.5.0">
    <name>Content Reactor module</name>
    <author>Tyliai</author>
	<authorUrl>www.tyliai.eu</authorUrl>
    <version>0.9.4</version>
    <description>Module to display com_contentreactor content.</description>
    <files>
        <filename>mod_contentreactor.xml</filename>
        <filename module="mod_contentreactor">mod_contentreactor.php</filename>
        <filename>index.html</filename>
        <filename>helper.php</filename>
        <filename>tmpl/default.php</filename>
        <filename>tmpl/index.html</filename>
    </files>
	<params addpath="/administrator/components/com_contentreactor/elements">
		<param name="id" type="contentreactor" default="" label="Slider" description="select slider to be displayed" />
		<param name="moduleclass_sfx" type="text" default="" label="Module Class Suffix" description="module css class" />
	</params>
	<params group="advanced">
		<param name="cache" type="list" default="1" label="Caching" description="Select whether to cache the content of this module">
			<option value="1">Use global</option>
			<option value="0">No caching</option>
		</param>
		<param name="cache_time" type="text" default="900" label="Cache Time" description="The time before the module is recached" />
	</params>
</install>