<?xml version="1.0" encoding="utf-8"?>
<install type="component" version="1.5.0">
    <name>Content Reactor</name>
	<!-- The following elements are optional and free of formatting conttraints -->
    <creationDate>2009-02-27</creationDate>
    <author>edast</author>
    <authorEmail>edast@tyliai.lt</authorEmail>
    <authorUrl>http://www.tyliai.lt</authorUrl>
    <copyright>Copyright Info</copyright>
    <license>License Info</license>
	<!--  The version string is recorded in the components table -->
    <version>0.9.4</version>
	<!-- The description is optional and defaults to the name -->
    <description>jQuery based component for slideshow</description>

	<!-- Site Main File Copy Section -->
    <files folder="site">
        <filename>contentreactor.php</filename>
        <filename>controller.php</filename>
        <filename>css/greybox.css</filename>
        <filename>css/index.html</filename>
        <filename>css/lightbox.css</filename>
        <filename>css/style.css</filename>
        <filename>img/blank.gif</filename>
        <filename>img/close.gif</filename>
        <filename>img/closelabel.gif</filename>
        <filename>img/index.html</filename>
        <filename>img/loading.gif</filename>
        <filename>img/loadingAnimation.gif</filename>
        <filename>img/next.gif</filename>
        <filename>img/nextlabel.gif</filename>
        <filename>img/overlay.png</filename>
        <filename>img/prev.gif</filename>
        <filename>img/prevlabel.gif</filename>
        <filename>index.html</filename>
        <filename>js/greybox.js</filename>
        <filename>js/index.html</filename>
        <filename>js/jquery-1.3.1.min.js</filename>
        <filename>js/jquery-ui-min.js</filename>
        <filename>js/jquery.cycle.all.min.js</filename>
        <filename>js/jquery.easing.compatibility.js</filename>
        <filename>js/jquery.easing.js</filename>
        <filename>js/jquery.lightbox.js</filename>
        <filename>js/jquery.timers.js</filename>
        <filename>js/tyliai.cycle.effects.js</filename>
        <filename>models/contentreactor.php</filename>
        <filename>models/index.html</filename>
        <filename>slides/demo_slide_1.jpg</filename>
        <filename>slides/demo_slide_2.jpg</filename>
        <filename>slides/demo_slide_3.jpg</filename>
        <filename>slides/index.html</filename>
        <filename>slides/launch_site.png</filename>
        <filename>slides/launch_site_off.png</filename>
        <filename>slides/read_more_glasses.png</filename>
        <filename>slides/read_more_glasses_off.png</filename>
        <filename>views/contentreactor/index.html</filename>
        <filename>views/contentreactor/tmpl/default.php</filename>
        <filename>views/contentreactor/tmpl/default.xml</filename>
        <filename>views/contentreactor/tmpl/index.html</filename>
        <filename>views/contentreactor/view.html.php</filename>
        <filename>views/index.html</filename>
    </files>

    <install>
        <sql>
            <file charset="utf8" driver="mysql">install.sql</file>
        </sql>
    </install>
    <uninstall>
        <sql>
            <file charset="utf8" driver="mysql">uninstall.sql</file>
        </sql>
    </uninstall>

    <administration>
		<!-- Administration Menu Section -->
        <menu img="components/com_contentreactor/images/contentreactor_icon.png">Content Reactor</menu>
		
		<!-- Administration Main File Copy Section -->
		<!-- Note the folder attribute: This attribute describes the folder
			to copy FROM in the package to install therefore files copied
			in this section are copied from /admin/ in the package -->
        <files folder="admin">
            <filename>contentreactor.php</filename>
            <filename>controller.php</filename>
            <filename>controllers/index.html</filename>
            <filename>controllers/projector.php</filename>
            <filename>controllers/slide.php</filename>
            <filename>css/style.css</filename>
            <filename>elements/contentreactor.php</filename>
            <filename>elements/index.html</filename>
            <filename>images/content_reactor_logo_48x48.png</filename>
            <filename>images/contentreactor_icon.png</filename>
            <filename>images/contentreactor_logo.png</filename>
            <filename>images/index.html</filename>
            <filename>index.html</filename>
            <filename>install.sql</filename>
            <filename>models/contentreactors.php</filename>
            <filename>models/index.html</filename>
            <filename>models/projector.php</filename>
            <filename>models/slide.php</filename>
            <filename>tables/index.html</filename>
            <filename>tables/projector.php</filename>
            <filename>tables/slide.php</filename>
            <filename>uninstall.sql</filename>
            <filename>views/contentreactors/index.html</filename>
            <filename>views/contentreactors/tmpl/default.php</filename>
            <filename>views/contentreactors/tmpl/index.html</filename>
            <filename>views/contentreactors/view.html.php</filename>
            <filename>views/index.html</filename>
            <filename>views/projector/index.html</filename>
            <filename>views/projector/tmpl/form.php</filename>
            <filename>views/projector/tmpl/index.html</filename>
            <filename>views/projector/view.html.php</filename>
            <filename>views/slide/index.html</filename>
            <filename>views/slide/tmpl/form.php</filename>
            <filename>views/slide/tmpl/index.html</filename>
            <filename>views/slide/view.html.php</filename>
        </files>
    </administration>
</install>
